user_id,password,role,account_status
10203040,Dummy@123,ADMIN,ACTIVE
10203041,$10$3TnVLpKCmMw3yrVDEWlPvuQUpJWgeVC53KUy73ZlI0UCwaUXVp3W2,CUSTOMER,INACTIVE
10203042,$10$3TnVLpKCmMw3yrVDEWlPvuQUpJWgeVC53KUy73ZlI0UCwaUXVp3W2,CUSTOMER,ACTIVE
10203043,$10$3TnVLpKCmMw3yrVDEWlPvuQUpJWgeVC53KUy73ZlI0UCwaUXVp3W2,ADMIN,INACTIVE
10203044,$10$3TnVLpKCmMw3yrVDEWlPvuQUpJWgeVC53KUy73ZlI0UCwaUXVp3W2,CUSTOMER,DORMANT
10203045,$10$3TnVLpKCmMw3yrVDEWlPvuQUpJWgeVC53KUy73ZlI0UCwaUXVp3W2,CUSTOMER,LOCKED
10203046,$10$3TnVLpKCmMw3yrVDEWlPvuQUpJWgeVC53KUy73ZlI0UCwaUXVp3W2,CUSTOMER,BLOCKED
10203047,$10$3TnVLpKCmMw3yrVDEWlPvuQUpJWgeVC53KUy73ZlI0UCwaUXVp3W2,CUSTOMER,CLOSED
